class_year,division,school_id,school,sector,issue_type,nmsf_status,nmsf_count,source_id,source_title,source_url,source_date,source_hash,notes
2023,,,James Madison High School,,excluded_duplicate_public_school_count,not_applicable,11,patch_vienna_2023_semifinalists,"Vienna, Oakton Seniors Named 2023 National Merit Scholar Semifinalists",https://patch.com/virginia/vienna/vienna-oakton-seniors-named-2023-national-merit-scholar-semifinalists,2022-09-14,a5e0100f5692230f4e08fa029e20bf9f052b7bcab9402ec23ac21253f00d4805,excluded from this source import because official FCPS source already provides the rostered public-school count
2023,,,Marshall High School,,excluded_duplicate_public_school_count,not_applicable,7,patch_vienna_2023_semifinalists,"Vienna, Oakton Seniors Named 2023 National Merit Scholar Semifinalists",https://patch.com/virginia/vienna/vienna-oakton-seniors-named-2023-national-merit-scholar-semifinalists,2022-09-14,a5e0100f5692230f4e08fa029e20bf9f052b7bcab9402ec23ac21253f00d4805,excluded from this source import because official FCPS source already provides the rostered public-school count
2023,,,Oakton High School,,excluded_duplicate_public_school_count,not_applicable,11,patch_vienna_2023_semifinalists,"Vienna, Oakton Seniors Named 2023 National Merit Scholar Semifinalists",https://patch.com/virginia/vienna/vienna-oakton-seniors-named-2023-national-merit-scholar-semifinalists,2022-09-14,a5e0100f5692230f4e08fa029e20bf9f052b7bcab9402ec23ac21253f00d4805,excluded from this source import because official FCPS source already provides the rostered public-school count
2023,APS,,Thomas Jefferson High School for Science and Technology,,excluded_tjhsst_resident_subset,not_applicable,2,aps_2023_semifinalists,17 Seniors Named National Merit Scholarship Semifinalists,https://www.apsva.us/post/17-seniors-named-national-merit-scholarship-semifinalists/,2022-09-16,55de635d170f76a5989a7519b3426fea75476f14045d6fd2c51e82c2532bd1c0,excluded from panel because TJHSST is maintained as one school row from the FCPS/TJHSST release
2023,APS,bishop_o_connell_high_school,Bishop O'Connell High School,private,missing_school_year_source,missing_source,,,,,,,"Collect an official district release, NMSC Virginia list, or school release; do not infer zero."
2023,FCPS,basis_independent_mclean,BASIS Independent McLean,private,missing_school_year_source,missing_source,,,,,,,"Collect an official district release, NMSC Virginia list, or school release; do not infer zero."
2023,FCPS,ideaventions_academy_for_mathematics_science,Ideaventions Academy for Mathematics & Science,private,missing_school_year_source,missing_source,,,,,,,"Collect an official district release, NMSC Virginia list, or school release; do not infer zero."
2023,FCPS,immanuel_christian_high_school,Immanuel Christian High School,private,missing_school_year_source,missing_source,,,,,,,"Collect an official district release, NMSC Virginia list, or school release; do not infer zero."
2023,FCPS,new_school_of_northern_virginia,New School of Northern Virginia,private,missing_school_year_source,missing_source,,,,,,,"Collect an official district release, NMSC Virginia list, or school release; do not infer zero."
2023,FCPS,oakcrest_school,Oakcrest School,private,missing_school_year_source,missing_source,,,,,,,"Collect an official district release, NMSC Virginia list, or school release; do not infer zero."
2023,FCPS,pinnacle_academy,Pinnacle Academy,private,missing_school_year_source,missing_source,,,,,,,"Collect an official district release, NMSC Virginia list, or school release; do not infer zero."
2023,FCPS,potomac_school,Potomac School,private,missing_school_year_source,missing_source,,,,,,,"Collect an official district release, NMSC Virginia list, or school release; do not infer zero."
2023,FCPS,the_madeira_school,The Madeira School,private,missing_school_year_source,missing_source,,,,,,,"Collect an official district release, NMSC Virginia list, or school release; do not infer zero."
2023,FCPS,trinity_christian_school,Trinity Christian School,private,missing_school_year_source,missing_source,,,,,,,"Collect an official district release, NMSC Virginia list, or school release; do not infer zero."
2023,FCPS,trinity_school_at_meadow_view,Trinity School at Meadow View,private,missing_school_year_source,missing_source,,,,,,,"Collect an official district release, NMSC Virginia list, or school release; do not infer zero."
2023,Falls Church City,meridian_high_school,Meridian High School,public,missing_school_year_source,missing_source,,,,,,,"Collect an official district release, NMSC Virginia list, or school release; do not infer zero."
2023,LCPS,briar_woods_high_school,Briar Woods High School,public,missing_school_year_source,missing_source,,,,,,,"Collect an official district release, NMSC Virginia list, or school release; do not infer zero."
2023,LCPS,broad_run_high_school,Broad Run High School,public,missing_school_year_source,missing_source,,,,,,,"Collect an official district release, NMSC Virginia list, or school release; do not infer zero."
2023,LCPS,dominion_high_school,Dominion High School,public,missing_school_year_source,missing_source,,,,,,,"Collect an official district release, NMSC Virginia list, or school release; do not infer zero."
2023,LCPS,freedom_high_school_south_riding,Freedom High School (South Riding),public,missing_school_year_source,missing_source,,,,,,,"Collect an official district release, NMSC Virginia list, or school release; do not infer zero."
2023,LCPS,heritage_high_school_leesburg,Heritage High School (Leesburg),public,missing_school_year_source,missing_source,,,,,,,"Collect an official district release, NMSC Virginia list, or school release; do not infer zero."
2023,LCPS,independence_high_school,Independence High School,public,missing_school_year_source,missing_source,,,,,,,"Collect an official district release, NMSC Virginia list, or school release; do not infer zero."
2023,LCPS,john_champe_high_school,John Champe High School,public,missing_school_year_source,missing_source,,,,,,,"Collect an official district release, NMSC Virginia list, or school release; do not infer zero."
2023,LCPS,lightridge_high_school,Lightridge High School,public,missing_school_year_source,missing_source,,,,,,,"Collect an official district release, NMSC Virginia list, or school release; do not infer zero."
2023,LCPS,loudoun_county_high_school,Loudoun County High School,public,missing_school_year_source,missing_source,,,,,,,"Collect an official district release, NMSC Virginia list, or school release; do not infer zero."
2023,LCPS,loudoun_school_for_advanced_studies,Loudoun School for Advanced Studies,private,missing_school_year_source,missing_source,,,,,,,"Collect an official district release, NMSC Virginia list, or school release; do not infer zero."
2023,LCPS,loudoun_valley_high_school,Loudoun Valley High School,public,missing_school_year_source,missing_source,,,,,,,"Collect an official district release, NMSC Virginia list, or school release; do not infer zero."
2023,LCPS,park_view_high_school,Park View High School,public,missing_school_year_source,missing_source,,,,,,,"Collect an official district release, NMSC Virginia list, or school release; do not infer zero."
2023,LCPS,potomac_falls_high_school,Potomac Falls High School,public,missing_school_year_source,missing_source,,,,,,,"Collect an official district release, NMSC Virginia list, or school release; do not infer zero."
2023,LCPS,riverside_high_school,Riverside High School,public,missing_school_year_source,missing_source,,,,,,,"Collect an official district release, NMSC Virginia list, or school release; do not infer zero."
2023,LCPS,rock_ridge_high_school,Rock Ridge High School,public,missing_school_year_source,missing_source,,,,,,,"Collect an official district release, NMSC Virginia list, or school release; do not infer zero."
2023,LCPS,st_paul_vi_catholic_high_school,St. Paul VI Catholic High School,private,missing_school_year_source,missing_source,,,,,,,"Collect an official district release, NMSC Virginia list, or school release; do not infer zero."
2023,LCPS,stone_bridge_high_school,Stone Bridge High School,public,missing_school_year_source,missing_source,,,,,,,"Collect an official district release, NMSC Virginia list, or school release; do not infer zero."
2023,LCPS,tuscarora_high_school,Tuscarora High School,public,missing_school_year_source,missing_source,,,,,,,"Collect an official district release, NMSC Virginia list, or school release; do not infer zero."
2023,LCPS,woodgrove_high_school,Woodgrove High School,public,missing_school_year_source,missing_source,,,,,,,"Collect an official district release, NMSC Virginia list, or school release; do not infer zero."
2023,PWCS,,Thomas Jefferson High School for Science and Technology,,excluded_tjhsst_former_pwcs_student,not_applicable,1,pwcs_2023_semifinalists,Prince William County students named 2023 National Merit Scholarship semifinalists,https://www.pwcs.edu/news/2022/09/pwcs_national_merit_semifinalists,2022-09-22,06d1419fce985bc129d73dc36264173381d97bbe057ef763c84da9fb83180d51,excluded from panel because TJHSST is maintained as one school row from the FCPS/TJHSST release
2023,PWCS,seton_school_manassas,Seton School (Manassas),private,missing_school_year_source,missing_source,,,,,,,"Collect an official district release, NMSC Virginia list, or school release; do not infer zero."
2023,PWCS,st_john_paul_the_great_catholic_high_school,St. John Paul the Great Catholic High School,private,missing_school_year_source,missing_source,,,,,,,"Collect an official district release, NMSC Virginia list, or school release; do not infer zero."
2024,,,James Madison High School,,excluded_duplicate_public_school_count,not_applicable,7,patch_vienna_2024_semifinalists,Dozens Of Vienna Seniors Named 2024 National Merit Semifinalists,https://patch.com/virginia/vienna/dozens-vienna-seniors-named-2024-national-merit-semifinalists,2023-09-14,abaa46cf2901a5ec8d31116272c6cc7ac1b0b1c17025f1a1554db71e9e646c89,excluded from this source import because official FCPS source already provides the rostered public-school count
2024,,,Marshall High School,,excluded_duplicate_public_school_count,not_applicable,6,patch_falls_church_2024_semifinalists,11 Falls Church Students In Running For 2024 National Merit Scholarships,https://patch.com/virginia/fallschurch/11-falls-church-students-named-2024-national-merit-semifinalists,2023-09-14,98a7ecedf58e64874470770e1985c03a16a767bc6c2f1cb7a2dc64dab2435bde,excluded from this source import because official FCPS source already provides the rostered public-school count
2024,,,Marshall High School,,excluded_duplicate_public_school_count,not_applicable,6,patch_vienna_2024_semifinalists,Dozens Of Vienna Seniors Named 2024 National Merit Semifinalists,https://patch.com/virginia/vienna/dozens-vienna-seniors-named-2024-national-merit-semifinalists,2023-09-14,abaa46cf2901a5ec8d31116272c6cc7ac1b0b1c17025f1a1554db71e9e646c89,excluded from this source import because official FCPS source already provides the rostered public-school count
2024,,,Oakton High School,,excluded_duplicate_public_school_count,not_applicable,14,patch_vienna_2024_semifinalists,Dozens Of Vienna Seniors Named 2024 National Merit Semifinalists,https://patch.com/virginia/vienna/dozens-vienna-seniors-named-2024-national-merit-semifinalists,2023-09-14,abaa46cf2901a5ec8d31116272c6cc7ac1b0b1c17025f1a1554db71e9e646c89,excluded from this source import because official FCPS source already provides the rostered public-school count
2024,,,Thomas Jefferson High School for Science and Technology,,excluded_tjhsst_resident_subset,not_applicable,7,patch_arlington_2024_semifinalists,16 Arlington Seniors Named 2024 National Merit Semifinalists,https://patch.com/virginia/arlington-va/16-arlington-seniors-named-2024-national-merit-semifinalists,2023-09-14,06460c0a5300a9a4f3c21799d3b1a8ca4c2e67d555244e4087ee63ac3ba48d2c,excluded from panel because TJHSST is kept as one school row
2024,APS,wakefield_high_school,Wakefield High School,public,missing_school_year_source,missing_source,,,,,,,"Collect an official district release, NMSC Virginia list, or school release; do not infer zero."
2024,FCPS,basis_independent_mclean,BASIS Independent McLean,private,missing_school_year_source,missing_source,,,,,,,"Collect an official district release, NMSC Virginia list, or school release; do not infer zero."
2024,FCPS,ideaventions_academy_for_mathematics_science,Ideaventions Academy for Mathematics & Science,private,missing_school_year_source,missing_source,,,,,,,"Collect an official district release, NMSC Virginia list, or school release; do not infer zero."
2024,FCPS,immanuel_christian_high_school,Immanuel Christian High School,private,missing_school_year_source,missing_source,,,,,,,"Collect an official district release, NMSC Virginia list, or school release; do not infer zero."
2024,FCPS,new_school_of_northern_virginia,New School of Northern Virginia,private,missing_school_year_source,missing_source,,,,,,,"Collect an official district release, NMSC Virginia list, or school release; do not infer zero."
2024,FCPS,oakcrest_school,Oakcrest School,private,missing_school_year_source,missing_source,,,,,,,"Collect an official district release, NMSC Virginia list, or school release; do not infer zero."
2024,FCPS,pinnacle_academy,Pinnacle Academy,private,missing_school_year_source,missing_source,,,,,,,"Collect an official district release, NMSC Virginia list, or school release; do not infer zero."
2024,FCPS,potomac_school,Potomac School,private,missing_school_year_source,missing_source,,,,,,,"Collect an official district release, NMSC Virginia list, or school release; do not infer zero."
2024,FCPS,the_madeira_school,The Madeira School,private,missing_school_year_source,missing_source,,,,,,,"Collect an official district release, NMSC Virginia list, or school release; do not infer zero."
2024,FCPS,trinity_christian_school,Trinity Christian School,private,missing_school_year_source,missing_source,,,,,,,"Collect an official district release, NMSC Virginia list, or school release; do not infer zero."
2024,FCPS,trinity_school_at_meadow_view,Trinity School at Meadow View,private,missing_school_year_source,missing_source,,,,,,,"Collect an official district release, NMSC Virginia list, or school release; do not infer zero."
2024,LCPS,briar_woods_high_school,Briar Woods High School,public,missing_school_year_source,missing_source,,,,,,,"Collect an official district release, NMSC Virginia list, or school release; do not infer zero."
2024,LCPS,broad_run_high_school,Broad Run High School,public,missing_school_year_source,missing_source,,,,,,,"Collect an official district release, NMSC Virginia list, or school release; do not infer zero."
2024,LCPS,dominion_high_school,Dominion High School,public,missing_school_year_source,missing_source,,,,,,,"Collect an official district release, NMSC Virginia list, or school release; do not infer zero."
2024,LCPS,freedom_high_school_south_riding,Freedom High School (South Riding),public,missing_school_year_source,missing_source,,,,,,,"Collect an official district release, NMSC Virginia list, or school release; do not infer zero."
2024,LCPS,heritage_high_school_leesburg,Heritage High School (Leesburg),public,missing_school_year_source,missing_source,,,,,,,"Collect an official district release, NMSC Virginia list, or school release; do not infer zero."
2024,LCPS,independence_high_school,Independence High School,public,missing_school_year_source,missing_source,,,,,,,"Collect an official district release, NMSC Virginia list, or school release; do not infer zero."
2024,LCPS,john_champe_high_school,John Champe High School,public,missing_school_year_source,missing_source,,,,,,,"Collect an official district release, NMSC Virginia list, or school release; do not infer zero."
2024,LCPS,lightridge_high_school,Lightridge High School,public,missing_school_year_source,missing_source,,,,,,,"Collect an official district release, NMSC Virginia list, or school release; do not infer zero."
2024,LCPS,loudoun_county_high_school,Loudoun County High School,public,missing_school_year_source,missing_source,,,,,,,"Collect an official district release, NMSC Virginia list, or school release; do not infer zero."
2024,LCPS,loudoun_school_for_advanced_studies,Loudoun School for Advanced Studies,private,missing_school_year_source,missing_source,,,,,,,"Collect an official district release, NMSC Virginia list, or school release; do not infer zero."
2024,LCPS,loudoun_valley_high_school,Loudoun Valley High School,public,missing_school_year_source,missing_source,,,,,,,"Collect an official district release, NMSC Virginia list, or school release; do not infer zero."
2024,LCPS,park_view_high_school,Park View High School,public,missing_school_year_source,missing_source,,,,,,,"Collect an official district release, NMSC Virginia list, or school release; do not infer zero."
2024,LCPS,potomac_falls_high_school,Potomac Falls High School,public,missing_school_year_source,missing_source,,,,,,,"Collect an official district release, NMSC Virginia list, or school release; do not infer zero."
2024,LCPS,riverside_high_school,Riverside High School,public,missing_school_year_source,missing_source,,,,,,,"Collect an official district release, NMSC Virginia list, or school release; do not infer zero."
2024,LCPS,rock_ridge_high_school,Rock Ridge High School,public,missing_school_year_source,missing_source,,,,,,,"Collect an official district release, NMSC Virginia list, or school release; do not infer zero."
2024,LCPS,st_paul_vi_catholic_high_school,St. Paul VI Catholic High School,private,missing_school_year_source,missing_source,,,,,,,"Collect an official district release, NMSC Virginia list, or school release; do not infer zero."
2024,LCPS,stone_bridge_high_school,Stone Bridge High School,public,missing_school_year_source,missing_source,,,,,,,"Collect an official district release, NMSC Virginia list, or school release; do not infer zero."
2024,LCPS,tuscarora_high_school,Tuscarora High School,public,missing_school_year_source,missing_source,,,,,,,"Collect an official district release, NMSC Virginia list, or school release; do not infer zero."
2024,LCPS,woodgrove_high_school,Woodgrove High School,public,missing_school_year_source,missing_source,,,,,,,"Collect an official district release, NMSC Virginia list, or school release; do not infer zero."
2024,PWCS,,Thomas Jefferson High School for Science and Technology,,excluded_tjhsst_former_pwcs_student,not_applicable,4,pwcs_2024_semifinalists,Prince William County Students Named 2024 National Merit Scholarship Semifinalists,https://www.pwcs.edu/news/2023/09/pwcs_national_merit_scholarship_semifinalists,2023-09-27,f9a063667fdece32459ca340376178c2b8c13116748c2139a745d57559ae6ce2,excluded from panel because TJHSST is maintained as one school row from the FCPS/TJHSST release
2024,PWCS,seton_school_manassas,Seton School (Manassas),private,missing_school_year_source,missing_source,,,,,,,"Collect an official district release, NMSC Virginia list, or school release; do not infer zero."
2024,PWCS,st_john_paul_the_great_catholic_high_school,St. John Paul the Great Catholic High School,private,missing_school_year_source,missing_source,,,,,,,"Collect an official district release, NMSC Virginia list, or school release; do not infer zero."
2025,,,BASIS Independent McLean,,excluded_duplicate_private_school_count,not_applicable,4,patch_vienna_2025_semifinalists,Seniors At Vienna Schools Named National Merit Scholarship Semifinalists,https://patch.com/virginia/vienna/seniors-vienna-schools-named-national-merit-semifinalists,2024-09-11,a79eba45825e5fafd6b3b51d0924b034c9988912990c73bcfc18f4ba44b80181,excluded from this source import because another Patch source already provides this private-school count
2025,,,New School of Northern Virginia,,excluded_duplicate_private_school_count,not_applicable,1,patch_vienna_2025_semifinalists,Seniors At Vienna Schools Named National Merit Scholarship Semifinalists,https://patch.com/virginia/vienna/seniors-vienna-schools-named-national-merit-semifinalists,2024-09-11,a79eba45825e5fafd6b3b51d0924b034c9988912990c73bcfc18f4ba44b80181,excluded from this source import because another Patch source already provides this private-school count
2025,,,The Madeira School,,excluded_duplicate_private_school_count,not_applicable,3,patch_vienna_2025_semifinalists,Seniors At Vienna Schools Named National Merit Scholarship Semifinalists,https://patch.com/virginia/vienna/seniors-vienna-schools-named-national-merit-semifinalists,2024-09-11,a79eba45825e5fafd6b3b51d0924b034c9988912990c73bcfc18f4ba44b80181,excluded from this source import because another Patch source already provides this private-school count
2025,,,The Potomac School,,excluded_duplicate_private_school_count,not_applicable,9,patch_vienna_2025_semifinalists,Seniors At Vienna Schools Named National Merit Scholarship Semifinalists,https://patch.com/virginia/vienna/seniors-vienna-schools-named-national-merit-semifinalists,2024-09-11,a79eba45825e5fafd6b3b51d0924b034c9988912990c73bcfc18f4ba44b80181,excluded from this source import because another Patch source already provides this private-school count
2025,,,Trinity Christian School,,excluded_duplicate_private_school_count,not_applicable,1,patch_vienna_2025_semifinalists,Seniors At Vienna Schools Named National Merit Scholarship Semifinalists,https://patch.com/virginia/vienna/seniors-vienna-schools-named-national-merit-semifinalists,2024-09-11,a79eba45825e5fafd6b3b51d0924b034c9988912990c73bcfc18f4ba44b80181,excluded from this source import because another Patch source already provides this private-school count
2025,,,Battlefield High School,,excluded_duplicate_public_school_count,not_applicable,2,patch_woodbridge_2025_semifinalists,"Seniors At Woodbridge, PWC Schools Named National Merit Scholarship Semifinalists",https://patch.com/virginia/woodbridge-va/seniors-woodbridge-pwc-schools-named-national-merit-semifinalists,2024-09-11,29eef26275b3a135ff4ef4c3086cc2897b45d6ae4e7e87d06cae5be22f9ce4f5,excluded from this source import because official PWCS source already provides the rostered public-school count
2025,,,Centreville High School,,excluded_duplicate_public_school_count,not_applicable,3,patch_vienna_2025_semifinalists,Seniors At Vienna Schools Named National Merit Scholarship Semifinalists,https://patch.com/virginia/vienna/seniors-vienna-schools-named-national-merit-semifinalists,2024-09-11,a79eba45825e5fafd6b3b51d0924b034c9988912990c73bcfc18f4ba44b80181,excluded from this source import because official FCPS source already provides the rostered public-school count
2025,,,Chantilly High School,,excluded_duplicate_public_school_count,not_applicable,10,patch_vienna_2025_semifinalists,Seniors At Vienna Schools Named National Merit Scholarship Semifinalists,https://patch.com/virginia/vienna/seniors-vienna-schools-named-national-merit-semifinalists,2024-09-11,a79eba45825e5fafd6b3b51d0924b034c9988912990c73bcfc18f4ba44b80181,excluded from this source import because official FCPS source already provides the rostered public-school count
2025,,,Charles Colgan High School,,excluded_duplicate_public_school_count,not_applicable,1,patch_woodbridge_2025_semifinalists,"Seniors At Woodbridge, PWC Schools Named National Merit Scholarship Semifinalists",https://patch.com/virginia/woodbridge-va/seniors-woodbridge-pwc-schools-named-national-merit-semifinalists,2024-09-11,29eef26275b3a135ff4ef4c3086cc2897b45d6ae4e7e87d06cae5be22f9ce4f5,excluded from this source import because official PWCS source already provides the rostered public-school count
2025,,,Fairfax High School,,excluded_duplicate_public_school_count,not_applicable,4,patch_fairfax_city_2025_semifinalists,Seniors At Fairfax Schools Named National Merit Semifinalists,https://patch.com/virginia/fairfaxcity/seniors-fairfax-schools-named-national-merit-semifinalists,2024-09-11,15b856672b3f7bb5ace0b70851f3287d0bdde088269c03bb0fa980bd152f1c91,excluded from this source import because official FCPS source already provides the rostered public-school count
2025,,,Fairfax High School,,excluded_duplicate_public_school_count,not_applicable,4,patch_vienna_2025_semifinalists,Seniors At Vienna Schools Named National Merit Scholarship Semifinalists,https://patch.com/virginia/vienna/seniors-vienna-schools-named-national-merit-semifinalists,2024-09-11,a79eba45825e5fafd6b3b51d0924b034c9988912990c73bcfc18f4ba44b80181,excluded from this source import because official FCPS source already provides the rostered public-school count
2025,,,Forest Park High School,,excluded_duplicate_public_school_count,not_applicable,1,patch_woodbridge_2025_semifinalists,"Seniors At Woodbridge, PWC Schools Named National Merit Scholarship Semifinalists",https://patch.com/virginia/woodbridge-va/seniors-woodbridge-pwc-schools-named-national-merit-semifinalists,2024-09-11,29eef26275b3a135ff4ef4c3086cc2897b45d6ae4e7e87d06cae5be22f9ce4f5,excluded from this source import because official PWCS source already provides the rostered public-school count
2025,,,Hayfield Secondary School,,excluded_duplicate_public_school_count,not_applicable,1,patch_vienna_2025_semifinalists,Seniors At Vienna Schools Named National Merit Scholarship Semifinalists,https://patch.com/virginia/vienna/seniors-vienna-schools-named-national-merit-semifinalists,2024-09-11,a79eba45825e5fafd6b3b51d0924b034c9988912990c73bcfc18f4ba44b80181,excluded from this source import because official FCPS source already provides the rostered public-school count
2025,,,Herndon High School,,excluded_duplicate_public_school_count,not_applicable,1,patch_vienna_2025_semifinalists,Seniors At Vienna Schools Named National Merit Scholarship Semifinalists,https://patch.com/virginia/vienna/seniors-vienna-schools-named-national-merit-semifinalists,2024-09-11,a79eba45825e5fafd6b3b51d0924b034c9988912990c73bcfc18f4ba44b80181,excluded from this source import because official FCPS source already provides the rostered public-school count
2025,,,James Madison High School,,excluded_duplicate_public_school_count,not_applicable,9,patch_vienna_2025_semifinalists,Seniors At Vienna Schools Named National Merit Scholarship Semifinalists,https://patch.com/virginia/vienna/seniors-vienna-schools-named-national-merit-semifinalists,2024-09-11,a79eba45825e5fafd6b3b51d0924b034c9988912990c73bcfc18f4ba44b80181,excluded from this source import because official FCPS source already provides the rostered public-school count
2025,,,James W. Robinson Secondary School,,excluded_duplicate_public_school_count,not_applicable,4,patch_fairfax_city_2025_semifinalists,Seniors At Fairfax Schools Named National Merit Semifinalists,https://patch.com/virginia/fairfaxcity/seniors-fairfax-schools-named-national-merit-semifinalists,2024-09-11,15b856672b3f7bb5ace0b70851f3287d0bdde088269c03bb0fa980bd152f1c91,excluded from this source import because official FCPS source already provides the rostered public-school count
2025,,,Lake Braddock Secondary School,,excluded_duplicate_public_school_count,not_applicable,9,patch_vienna_2025_semifinalists,Seniors At Vienna Schools Named National Merit Scholarship Semifinalists,https://patch.com/virginia/vienna/seniors-vienna-schools-named-national-merit-semifinalists,2024-09-11,a79eba45825e5fafd6b3b51d0924b034c9988912990c73bcfc18f4ba44b80181,excluded from this source import because official FCPS source already provides the rostered public-school count
2025,,,Langley High School,,excluded_duplicate_public_school_count,not_applicable,19,patch_mclean_2025_semifinalists,Seniors At McLean Schools Named National Merit Semifinalists,https://patch.com/virginia/mclean/seniors-mclean-schools-named-national-merit-semifinalists,2024-09-11,11918419bf2dbc43089bb28eddffc6c7c03f45696f0693e9588896915eb91ea2,excluded from this source import because official FCPS source already provides the rostered public-school count
2025,,,Langley High School,,excluded_duplicate_public_school_count,not_applicable,19,patch_vienna_2025_semifinalists,Seniors At Vienna Schools Named National Merit Scholarship Semifinalists,https://patch.com/virginia/vienna/seniors-vienna-schools-named-national-merit-semifinalists,2024-09-11,a79eba45825e5fafd6b3b51d0924b034c9988912990c73bcfc18f4ba44b80181,excluded from this source import because official FCPS source already provides the rostered public-school count
2025,,,Marshall High School,,excluded_duplicate_public_school_count,not_applicable,5,patch_vienna_2025_semifinalists,Seniors At Vienna Schools Named National Merit Scholarship Semifinalists,https://patch.com/virginia/vienna/seniors-vienna-schools-named-national-merit-semifinalists,2024-09-11,a79eba45825e5fafd6b3b51d0924b034c9988912990c73bcfc18f4ba44b80181,excluded from this source import because official FCPS source already provides the rostered public-school count
2025,,,McLean High School,,excluded_duplicate_public_school_count,not_applicable,16,patch_mclean_2025_semifinalists,Seniors At McLean Schools Named National Merit Semifinalists,https://patch.com/virginia/mclean/seniors-mclean-schools-named-national-merit-semifinalists,2024-09-11,11918419bf2dbc43089bb28eddffc6c7c03f45696f0693e9588896915eb91ea2,excluded from this source import because official FCPS source already provides the rostered public-school count
2025,,,McLean High School,,excluded_duplicate_public_school_count,not_applicable,16,patch_vienna_2025_semifinalists,Seniors At Vienna Schools Named National Merit Scholarship Semifinalists,https://patch.com/virginia/vienna/seniors-vienna-schools-named-national-merit-semifinalists,2024-09-11,a79eba45825e5fafd6b3b51d0924b034c9988912990c73bcfc18f4ba44b80181,excluded from this source import because official FCPS source already provides the rostered public-school count
2025,,,Oakton High School,,excluded_duplicate_public_school_count,not_applicable,11,patch_vienna_2025_semifinalists,Seniors At Vienna Schools Named National Merit Scholarship Semifinalists,https://patch.com/virginia/vienna/seniors-vienna-schools-named-national-merit-semifinalists,2024-09-11,a79eba45825e5fafd6b3b51d0924b034c9988912990c73bcfc18f4ba44b80181,excluded from this source import because official FCPS source already provides the rostered public-school count
2025,,,Osbourn Park High School,,excluded_duplicate_public_school_count,not_applicable,1,patch_woodbridge_2025_semifinalists,"Seniors At Woodbridge, PWC Schools Named National Merit Scholarship Semifinalists",https://patch.com/virginia/woodbridge-va/seniors-woodbridge-pwc-schools-named-national-merit-semifinalists,2024-09-11,29eef26275b3a135ff4ef4c3086cc2897b45d6ae4e7e87d06cae5be22f9ce4f5,excluded from this source import because official PWCS source already provides the rostered public-school count
2025,,,Patriot High School,,excluded_duplicate_public_school_count,not_applicable,1,patch_woodbridge_2025_semifinalists,"Seniors At Woodbridge, PWC Schools Named National Merit Scholarship Semifinalists",https://patch.com/virginia/woodbridge-va/seniors-woodbridge-pwc-schools-named-national-merit-semifinalists,2024-09-11,29eef26275b3a135ff4ef4c3086cc2897b45d6ae4e7e87d06cae5be22f9ce4f5,excluded from this source import because official PWCS source already provides the rostered public-school count
2025,,,Robinson Secondary School,,excluded_duplicate_public_school_count,not_applicable,4,patch_vienna_2025_semifinalists,Seniors At Vienna Schools Named National Merit Scholarship Semifinalists,https://patch.com/virginia/vienna/seniors-vienna-schools-named-national-merit-semifinalists,2024-09-11,a79eba45825e5fafd6b3b51d0924b034c9988912990c73bcfc18f4ba44b80181,excluded from this source import because official FCPS source already provides the rostered public-school count
2025,,,South Lakes High School,,excluded_duplicate_public_school_count,not_applicable,3,patch_vienna_2025_semifinalists,Seniors At Vienna Schools Named National Merit Scholarship Semifinalists,https://patch.com/virginia/vienna/seniors-vienna-schools-named-national-merit-semifinalists,2024-09-11,a79eba45825e5fafd6b3b51d0924b034c9988912990c73bcfc18f4ba44b80181,excluded from this source import because official FCPS source already provides the rostered public-school count
2025,,,The H.B. Woodlawn Program,,excluded_duplicate_public_school_count,not_applicable,3,patch_arlington_2025_semifinalists,Arlington County Seniors Named National Merit Semifinalists,https://patch.com/virginia/arlington-va/arlington-county-seniors-named-national-merit-semifinalists,2024-09-11,a59955913a8ebfa15cc98bf007056e81aac4e1958a7fce71f999d451d5e086d6,excluded from this source import because official APS source already provides the rostered public-school count
2025,,,Thomas Edison High School,,excluded_duplicate_public_school_count,not_applicable,2,patch_vienna_2025_semifinalists,Seniors At Vienna Schools Named National Merit Scholarship Semifinalists,https://patch.com/virginia/vienna/seniors-vienna-schools-named-national-merit-semifinalists,2024-09-11,a79eba45825e5fafd6b3b51d0924b034c9988912990c73bcfc18f4ba44b80181,excluded from this source import because official FCPS source already provides the rostered public-school count
2025,,,Thomas Jefferson High School for Science and Technology,,excluded_duplicate_public_school_count,not_applicable,81,patch_vienna_2025_semifinalists,Seniors At Vienna Schools Named National Merit Scholarship Semifinalists,https://patch.com/virginia/vienna/seniors-vienna-schools-named-national-merit-semifinalists,2024-09-11,a79eba45825e5fafd6b3b51d0924b034c9988912990c73bcfc18f4ba44b80181,excluded from this source import because official FCPS source already provides the TJHSST count
2025,,,W. T. Woodson High School,,excluded_duplicate_public_school_count,not_applicable,6,patch_fairfax_city_2025_semifinalists,Seniors At Fairfax Schools Named National Merit Semifinalists,https://patch.com/virginia/fairfaxcity/seniors-fairfax-schools-named-national-merit-semifinalists,2024-09-11,15b856672b3f7bb5ace0b70851f3287d0bdde088269c03bb0fa980bd152f1c91,excluded from this source import because official FCPS source already provides the rostered public-school count
2025,,,Wakefield High School,,excluded_duplicate_public_school_count,not_applicable,2,patch_arlington_2025_semifinalists,Arlington County Seniors Named National Merit Semifinalists,https://patch.com/virginia/arlington-va/arlington-county-seniors-named-national-merit-semifinalists,2024-09-11,a59955913a8ebfa15cc98bf007056e81aac4e1958a7fce71f999d451d5e086d6,excluded from this source import because official APS source already provides the rostered public-school count
2025,,,Washington-Liberty High School,,excluded_duplicate_public_school_count,not_applicable,7,patch_arlington_2025_semifinalists,Arlington County Seniors Named National Merit Semifinalists,https://patch.com/virginia/arlington-va/arlington-county-seniors-named-national-merit-semifinalists,2024-09-11,a59955913a8ebfa15cc98bf007056e81aac4e1958a7fce71f999d451d5e086d6,excluded from this source import because official APS source already provides the rostered public-school count
2025,,,West Potomac High School,,excluded_duplicate_public_school_count,not_applicable,1,patch_vienna_2025_semifinalists,Seniors At Vienna Schools Named National Merit Scholarship Semifinalists,https://patch.com/virginia/vienna/seniors-vienna-schools-named-national-merit-semifinalists,2024-09-11,a79eba45825e5fafd6b3b51d0924b034c9988912990c73bcfc18f4ba44b80181,excluded from this source import because official FCPS source already provides the rostered public-school count
2025,,,West Springfield High School,,excluded_duplicate_public_school_count,not_applicable,3,patch_vienna_2025_semifinalists,Seniors At Vienna Schools Named National Merit Scholarship Semifinalists,https://patch.com/virginia/vienna/seniors-vienna-schools-named-national-merit-semifinalists,2024-09-11,a79eba45825e5fafd6b3b51d0924b034c9988912990c73bcfc18f4ba44b80181,excluded from this source import because official FCPS source already provides the rostered public-school count
2025,,,Westfield High School,,excluded_duplicate_public_school_count,not_applicable,3,patch_vienna_2025_semifinalists,Seniors At Vienna Schools Named National Merit Scholarship Semifinalists,https://patch.com/virginia/vienna/seniors-vienna-schools-named-national-merit-semifinalists,2024-09-11,a79eba45825e5fafd6b3b51d0924b034c9988912990c73bcfc18f4ba44b80181,excluded from this source import because official FCPS source already provides the rostered public-school count
2025,,,Woodson High School,,excluded_duplicate_public_school_count,not_applicable,6,patch_vienna_2025_semifinalists,Seniors At Vienna Schools Named National Merit Scholarship Semifinalists,https://patch.com/virginia/vienna/seniors-vienna-schools-named-national-merit-semifinalists,2024-09-11,a79eba45825e5fafd6b3b51d0924b034c9988912990c73bcfc18f4ba44b80181,excluded from this source import because official FCPS source already provides the rostered public-school count
2025,,,Yorktown High School,,excluded_duplicate_public_school_count,not_applicable,3,patch_arlington_2025_semifinalists,Arlington County Seniors Named National Merit Semifinalists,https://patch.com/virginia/arlington-va/arlington-county-seniors-named-national-merit-semifinalists,2024-09-11,a59955913a8ebfa15cc98bf007056e81aac4e1958a7fce71f999d451d5e086d6,excluded from this source import because official APS source already provides the rostered public-school count
2025,,,Dominion School,,excluded_nonroster_school,not_applicable,1,patch_vienna_2025_semifinalists,Seniors At Vienna Schools Named National Merit Scholarship Semifinalists,https://patch.com/virginia/vienna/seniors-vienna-schools-named-national-merit-semifinalists,2024-09-11,a79eba45825e5fafd6b3b51d0924b034c9988912990c73bcfc18f4ba44b80181,excluded from panel because this school is not in the canonical analytical roster
2025,,,Homeschool/Online School,,excluded_nonroster_school,not_applicable,1,patch_mclean_2025_semifinalists,Seniors At McLean Schools Named National Merit Semifinalists,https://patch.com/virginia/mclean/seniors-mclean-schools-named-national-merit-semifinalists,2024-09-11,11918419bf2dbc43089bb28eddffc6c7c03f45696f0693e9588896915eb91ea2,excluded from panel because homeschool and online school is not a separate roster analytical unit
2025,,,Homeschool/Online School,,excluded_nonroster_school,not_applicable,1,patch_vienna_2025_semifinalists,Seniors At Vienna Schools Named National Merit Scholarship Semifinalists,https://patch.com/virginia/vienna/seniors-vienna-schools-named-national-merit-semifinalists,2024-09-11,a79eba45825e5fafd6b3b51d0924b034c9988912990c73bcfc18f4ba44b80181,excluded from panel because homeschool and online school is not a separate roster analytical unit
2025,,,Homeschool/Online School,,excluded_nonroster_school,not_applicable,1,patch_vienna_2025_semifinalists,Seniors At Vienna Schools Named National Merit Scholarship Semifinalists,https://patch.com/virginia/vienna/seniors-vienna-schools-named-national-merit-semifinalists,2024-09-11,a79eba45825e5fafd6b3b51d0924b034c9988912990c73bcfc18f4ba44b80181,excluded from panel because homeschool and online school is not a separate roster analytical unit
2025,APS,,Thomas Jefferson High School for Science and Technology,,excluded_tjhsst_resident_subset,not_applicable,7,aps_2025_semifinalists,22 Seniors Named National Merit Scholarship Semifinalists,https://www.apsva.us/post/22-seniors-named-national-merit-scholarship-semifinalists/,2024-09-12,3a0e137a66860cbc8a8266d9a6780ea91c0a9356b597af52af2e080bea6f0a59,excluded from panel because TJHSST is maintained as one school row from the FCPS/TJHSST release
2025,Falls Church City,meridian_high_school,Meridian High School,public,missing_school_year_source,missing_source,,,,,,,"Collect an official district release, NMSC Virginia list, or school release; do not infer zero."
2025,LCPS,briar_woods_high_school,Briar Woods High School,public,missing_school_year_source,missing_source,,,,,,,"Collect an official district release, NMSC Virginia list, or school release; do not infer zero."
2025,LCPS,broad_run_high_school,Broad Run High School,public,missing_school_year_source,missing_source,,,,,,,"Collect an official district release, NMSC Virginia list, or school release; do not infer zero."
2025,LCPS,dominion_high_school,Dominion High School,public,missing_school_year_source,missing_source,,,,,,,"Collect an official district release, NMSC Virginia list, or school release; do not infer zero."
2025,LCPS,freedom_high_school_south_riding,Freedom High School (South Riding),public,missing_school_year_source,missing_source,,,,,,,"Collect an official district release, NMSC Virginia list, or school release; do not infer zero."
2025,LCPS,heritage_high_school_leesburg,Heritage High School (Leesburg),public,missing_school_year_source,missing_source,,,,,,,"Collect an official district release, NMSC Virginia list, or school release; do not infer zero."
2025,LCPS,independence_high_school,Independence High School,public,missing_school_year_source,missing_source,,,,,,,"Collect an official district release, NMSC Virginia list, or school release; do not infer zero."
2025,LCPS,john_champe_high_school,John Champe High School,public,missing_school_year_source,missing_source,,,,,,,"Collect an official district release, NMSC Virginia list, or school release; do not infer zero."
2025,LCPS,lightridge_high_school,Lightridge High School,public,missing_school_year_source,missing_source,,,,,,,"Collect an official district release, NMSC Virginia list, or school release; do not infer zero."
2025,LCPS,loudoun_county_high_school,Loudoun County High School,public,missing_school_year_source,missing_source,,,,,,,"Collect an official district release, NMSC Virginia list, or school release; do not infer zero."
2025,LCPS,loudoun_school_for_advanced_studies,Loudoun School for Advanced Studies,private,missing_school_year_source,missing_source,,,,,,,"Collect an official district release, NMSC Virginia list, or school release; do not infer zero."
2025,LCPS,loudoun_valley_high_school,Loudoun Valley High School,public,missing_school_year_source,missing_source,,,,,,,"Collect an official district release, NMSC Virginia list, or school release; do not infer zero."
2025,LCPS,park_view_high_school,Park View High School,public,missing_school_year_source,missing_source,,,,,,,"Collect an official district release, NMSC Virginia list, or school release; do not infer zero."
2025,LCPS,potomac_falls_high_school,Potomac Falls High School,public,missing_school_year_source,missing_source,,,,,,,"Collect an official district release, NMSC Virginia list, or school release; do not infer zero."
2025,LCPS,riverside_high_school,Riverside High School,public,missing_school_year_source,missing_source,,,,,,,"Collect an official district release, NMSC Virginia list, or school release; do not infer zero."
2025,LCPS,rock_ridge_high_school,Rock Ridge High School,public,missing_school_year_source,missing_source,,,,,,,"Collect an official district release, NMSC Virginia list, or school release; do not infer zero."
2025,LCPS,st_paul_vi_catholic_high_school,St. Paul VI Catholic High School,private,missing_school_year_source,missing_source,,,,,,,"Collect an official district release, NMSC Virginia list, or school release; do not infer zero."
2025,LCPS,stone_bridge_high_school,Stone Bridge High School,public,missing_school_year_source,missing_source,,,,,,,"Collect an official district release, NMSC Virginia list, or school release; do not infer zero."
2025,LCPS,tuscarora_high_school,Tuscarora High School,public,missing_school_year_source,missing_source,,,,,,,"Collect an official district release, NMSC Virginia list, or school release; do not infer zero."
2025,LCPS,woodgrove_high_school,Woodgrove High School,public,missing_school_year_source,missing_source,,,,,,,"Collect an official district release, NMSC Virginia list, or school release; do not infer zero."
2025,LCPS,,LCPS unattributed semifinalist total,,source_incomplete_unattributed_total,not_applicable,57,lcps_2025_semifinalists,57 LCPS Students Named National Merit Scholarship Semifinalists,https://www.lcps.org/o/lcps/article/1786023,2024-09-26,bdfe4856bc2c9d6c75def4551571cb910270556d5bff5a0014043306e7247d63,Official LCPS release lists 57 student names but not school affiliations; retained for total reconciliation only and not imported as school observations.
2025,PWCS,,Thomas Jefferson High School for Science and Technology,,excluded_tjhsst_former_pwcs_student,not_applicable,1,pwcs_2025_semifinalists,Six Prince William County Public Schools students named 2025 National Merit Scholarship Semifinalists,https://www.pwcs.edu/news/2024/09/six_pwcs_students_named_2025_national_merit_semifinalists,2024-09-12,d449c049f6ebf656fc96a134519f85beabb72a6c66ce5afba580af8e4fcde89d,excluded from panel because TJHSST is maintained as one school row from the FCPS/TJHSST release
2026,,,Carter G. Woodson High School,,excluded_duplicate_public_school_count,not_applicable,8,patch_fairfax_city_2026_semifinalists,15 Fairfax Seniors Named 2026 National Merit Scholarship Semifinalists,https://patch.com/virginia/fairfaxcity/15-fairfax-seniors-named-2026-national-merit-scholarship-semifinalists,2025-09-10,604d4361b86f0008f46c360082837f265d84a565884a787a423eb0bf18a1807f,excluded from this source import because official FCPS source already provides the rostered public-school count
2026,,,Fairfax High School,,excluded_duplicate_public_school_count,not_applicable,5,patch_fairfax_city_2026_semifinalists,15 Fairfax Seniors Named 2026 National Merit Scholarship Semifinalists,https://patch.com/virginia/fairfaxcity/15-fairfax-seniors-named-2026-national-merit-scholarship-semifinalists,2025-09-10,604d4361b86f0008f46c360082837f265d84a565884a787a423eb0bf18a1807f,excluded from this source import because official FCPS source already provides the rostered public-school count
2026,,,James Madison High School,,excluded_duplicate_public_school_count,not_applicable,8,patch_vienna_2026_semifinalists,"38 Vienna, Oakton Seniors Named National Merit Scholarship Semifinalists For 2026",https://patch.com/virginia/vienna/national-merit-scholarship-semifinalists-vienna-oakton-named-2026,2025-09-10,66bd7c986bcfe8f34fe13d5208941fd71d5f308eada80b39917bd78d90299276,excluded from this source import because official FCPS source already provides the rostered public-school count
2026,,,Langley High School,,excluded_duplicate_public_school_count,not_applicable,23,patch_mclean_2026_semifinalists,66 McLean Seniors Named 2026 National Merit Scholarship Semifinalists,https://patch.com/virginia/mclean/66-mclean-seniors-named-2026-national-merit-scholarship-semifinalists,2025-09-10,85170d8dcbb4fbcaf7b82d2ba4c52d826aa3505a80dc795522057aab77b6921d,excluded from this source import because official FCPS source already provides the rostered public-school count
2026,,,Marshall High School,,excluded_duplicate_public_school_count,not_applicable,15,patch_vienna_2026_semifinalists,"38 Vienna, Oakton Seniors Named National Merit Scholarship Semifinalists For 2026",https://patch.com/virginia/vienna/national-merit-scholarship-semifinalists-vienna-oakton-named-2026,2025-09-10,66bd7c986bcfe8f34fe13d5208941fd71d5f308eada80b39917bd78d90299276,excluded from this source import because official FCPS source already provides the rostered public-school count
2026,,,McLean High School,,excluded_duplicate_public_school_count,not_applicable,20,patch_mclean_2026_semifinalists,66 McLean Seniors Named 2026 National Merit Scholarship Semifinalists,https://patch.com/virginia/mclean/66-mclean-seniors-named-2026-national-merit-scholarship-semifinalists,2025-09-10,85170d8dcbb4fbcaf7b82d2ba4c52d826aa3505a80dc795522057aab77b6921d,excluded from this source import because official FCPS source already provides the rostered public-school count
2026,,,Oakton High School,,excluded_duplicate_public_school_count,not_applicable,25,patch_vienna_2026_semifinalists,"38 Vienna, Oakton Seniors Named National Merit Scholarship Semifinalists For 2026",https://patch.com/virginia/vienna/national-merit-scholarship-semifinalists-vienna-oakton-named-2026,2025-09-10,66bd7c986bcfe8f34fe13d5208941fd71d5f308eada80b39917bd78d90299276,excluded from this source import because official FCPS source already provides the rostered public-school count
2026,,,The H. B. Woodlawn Program,,excluded_duplicate_public_school_count,not_applicable,6,patch_arlington_2026_semifinalists,22 Arlington Seniors Named 2026 National Merit Scholarship Semifinalists,https://patch.com/virginia/arlington-va/22-arlington-seniors-named-2026-national-merit-scholarship-semifinalists,2025-09-10,4c8c6d0a43cebd802dc160e5705096c1889cb8c16886a30d497a9157fde34056,excluded from this source import because official APS source already provides the rostered public-school count
2026,,,Washington-Liberty High School,,excluded_duplicate_public_school_count,not_applicable,9,patch_arlington_2026_semifinalists,22 Arlington Seniors Named 2026 National Merit Scholarship Semifinalists,https://patch.com/virginia/arlington-va/22-arlington-seniors-named-2026-national-merit-scholarship-semifinalists,2025-09-10,4c8c6d0a43cebd802dc160e5705096c1889cb8c16886a30d497a9157fde34056,excluded from this source import because official APS source already provides the rostered public-school count
2026,,,Yorktown High School,,excluded_duplicate_public_school_count,not_applicable,5,patch_arlington_2026_semifinalists,22 Arlington Seniors Named 2026 National Merit Scholarship Semifinalists,https://patch.com/virginia/arlington-va/22-arlington-seniors-named-2026-national-merit-scholarship-semifinalists,2025-09-10,4c8c6d0a43cebd802dc160e5705096c1889cb8c16886a30d497a9157fde34056,excluded from this source import because official APS source already provides the rostered public-school count
2026,,,Arlington Career Center,,excluded_nonroster_school,not_applicable,1,patch_arlington_2026_semifinalists,22 Arlington Seniors Named 2026 National Merit Scholarship Semifinalists,https://patch.com/virginia/arlington-va/22-arlington-seniors-named-2026-national-merit-scholarship-semifinalists,2025-09-10,4c8c6d0a43cebd802dc160e5705096c1889cb8c16886a30d497a9157fde34056,excluded from panel because Arlington Career Center is not a separate roster analytical unit
2026,APS,,Arlington Tech,,excluded_nonroster_school,not_applicable,1,aps_2026_semifinalists,30 Seniors Named National Merit Scholarship Semifinalists,https://www.apsva.us/post/29-seniors-named-national-merit-scholarship-semifinalists/,2025-09-11,4def00f7243f66ead12ee99ab53ed621bfe13cb61c976ebe4e069e78ff631006,excluded from panel because Arlington Tech is not a separate roster analytical unit
2026,APS,,Thomas Jefferson High School for Science and Technology,,excluded_tjhsst_resident_subset,not_applicable,9,aps_2026_semifinalists,30 Seniors Named National Merit Scholarship Semifinalists,https://www.apsva.us/post/29-seniors-named-national-merit-scholarship-semifinalists/,2025-09-11,4def00f7243f66ead12ee99ab53ed621bfe13cb61c976ebe4e069e78ff631006,excluded from panel because TJHSST is maintained as one school row from the FCPS/TJHSST release
2026,FCPS,ideaventions_academy_for_mathematics_science,Ideaventions Academy for Mathematics & Science,private,missing_school_year_source,missing_source,,,,,,,"Collect an official district release, NMSC Virginia list, or school release; do not infer zero."
2026,FCPS,immanuel_christian_high_school,Immanuel Christian High School,private,missing_school_year_source,missing_source,,,,,,,"Collect an official district release, NMSC Virginia list, or school release; do not infer zero."
2026,FCPS,pinnacle_academy,Pinnacle Academy,private,missing_school_year_source,missing_source,,,,,,,"Collect an official district release, NMSC Virginia list, or school release; do not infer zero."
2026,FCPS,trinity_school_at_meadow_view,Trinity School at Meadow View,private,missing_school_year_source,missing_source,,,,,,,"Collect an official district release, NMSC Virginia list, or school release; do not infer zero."
2026,Falls Church City,meridian_high_school,Meridian High School,public,missing_school_year_source,missing_source,,,,,,,"Collect an official district release, NMSC Virginia list, or school release; do not infer zero."
2026,LCPS,,Thomas Jefferson High School for Science and Technology,,excluded_tjhsst_resident_subset,not_applicable,12,lcps_2026_semifinalists,Sixty-nine LCPS Students Named 2026 National Merit Semifinalists,https://www.lcps.org/o/lcps/article/2436621,2025-09-22,b7d76805097061b66c8d3812ec38d0029671b1eb68ed0a773ea0807cea290259,excluded from panel because TJHSST is maintained as one school row from the FCPS/TJHSST release
2026,LCPS,loudoun_school_for_advanced_studies,Loudoun School for Advanced Studies,private,missing_school_year_source,missing_source,,,,,,,"Collect an official district release, NMSC Virginia list, or school release; do not infer zero."
2026,LCPS,st_paul_vi_catholic_high_school,St. Paul VI Catholic High School,private,missing_school_year_source,missing_source,,,,,,,"Collect an official district release, NMSC Virginia list, or school release; do not infer zero."
2026,PWCS,seton_school_manassas,Seton School (Manassas),private,missing_school_year_source,missing_source,,,,,,,"Collect an official district release, NMSC Virginia list, or school release; do not infer zero."
2026,PWCS,st_john_paul_the_great_catholic_high_school,St. John Paul the Great Catholic High School,private,missing_school_year_source,missing_source,,,,,,,"Collect an official district release, NMSC Virginia list, or school release; do not infer zero."
